{"cameraMode":{"drawMode":0,"name":"Shaded","section":"Shading Mode"},"sceneLighting":true,"audioPlay":false,"sceneViewState":{"showFog":true,"showMaterialUpdate":false,"showSkybox":true,"showFlares":true,"showImageEffects":true,"showParticleSystems":true},"in2DMode":false,"pivot":{"x":0.2508154511451721,"y":0.6213747262954712,"z":0.6511417031288147},"rotation":{"x":-0.28430843353271487,"y":-0.012370551005005837,"z":0.003668620251119137,"w":-0.9586461186408997},"size":1.5157577991485596,"orthographic":false}