{"cameraMode":{"drawMode":0,"name":"Shaded","section":"Shading Mode"},"sceneLighting":false,"audioPlay":false,"sceneViewState":{"showFog":true,"showMaterialUpdate":false,"showSkybox":true,"showFlares":true,"showImageEffects":true,"showParticleSystems":true},"in2DMode":false,"pivot":{"x":0.1513623297214508,"y":1.1408162117004395,"z":2.205054759979248},"rotation":{"x":-0.0512554794549942,"y":-0.035349637269973758,"z":0.001815210678614676,"w":-0.9980581402778626},"size":1.8453161716461182,"orthographic":false}