{"cameraMode":{"drawMode":0,"name":"Shaded","section":"Shading Mode"},"sceneLighting":false,"audioPlay":false,"sceneViewState":{"showFog":true,"showMaterialUpdate":false,"showSkybox":true,"showFlares":true,"showImageEffects":true,"showParticleSystems":true},"in2DMode":false,"pivot":{"x":2.9802322387695315e-8,"y":0.664779007434845,"z":0.206574946641922},"rotation":{"x":-0.13977211713790894,"y":0.39809632301330569,"z":-0.061514854431152347,"w":-0.9045435786247253},"size":4.049864768981934,"orthographic":false}