{"cameraMode":{"drawMode":0,"name":"Shaded","section":"Shading Mode"},"sceneLighting":true,"audioPlay":false,"sceneViewState":{"showFog":true,"showMaterialUpdate":false,"showSkybox":true,"showFlares":true,"showImageEffects":true,"showParticleSystems":true},"in2DMode":false,"pivot":{"x":-1.4496207237243653,"y":4.6329851150512699,"z":-0.9537587761878967},"rotation":{"x":-0.5061989426612854,"y":-0.18698647618293763,"z":0.11346185207366944,"w":-0.8342213034629822},"size":4.7485032081604,"orthographic":false}