{"cameraMode":{"drawMode":0,"name":"Shaded","section":"Shading Mode"},"sceneLighting":false,"audioPlay":false,"sceneViewState":{"showFog":true,"showMaterialUpdate":false,"showSkybox":true,"showFlares":true,"showImageEffects":true,"showParticleSystems":true},"in2DMode":false,"pivot":{"x":0.2043015956878662,"y":1.1860017776489258,"z":0.9024568796157837},"rotation":{"x":-0.1593325436115265,"y":-0.4568595588207245,"z":0.08355871587991715,"w":-0.8711546659469605},"size":4.470930576324463,"orthographic":false}