{"cameraMode":{"drawMode":0,"name":"Shaded","section":"Shading Mode"},"sceneLighting":true,"audioPlay":false,"sceneViewState":{"showFog":true,"showMaterialUpdate":false,"showSkybox":true,"showFlares":true,"showImageEffects":true,"showParticleSystems":true},"in2DMode":false,"pivot":{"x":0.05801873654127121,"y":0.870185375213623,"z":1.0368512868881226},"rotation":{"x":-0.19017033278942109,"y":-0.02503170818090439,"z":0.004850361496210098,"w":-0.9814199805259705},"size":3.031057834625244,"orthographic":false}