{"cameraMode":{"drawMode":0,"name":"Shaded","section":"Shading Mode"},"sceneLighting":false,"audioPlay":false,"sceneViewState":{"showFog":true,"showMaterialUpdate":false,"showSkybox":true,"showFlares":true,"showImageEffects":true,"showParticleSystems":true},"in2DMode":false,"pivot":{"x":486.73779296875,"y":246.93458557128907,"z":6.94342041015625},"rotation":{"x":-0.19017033278942109,"y":-0.02503170818090439,"z":0.004850361496210098,"w":-0.9814199805259705},"size":419.12603759765627,"orthographic":false}